"time","placeholder","Susceptible","Infected-infectious","Recovered"
0,,490,10,0
1,,490,10,0
2,,490,10,0
3,,486,14,0
4,,486,14,0
5,,486,14,0
6,,481,19,0
7,,475,25,0
8,,469,31,0
9,,463,37,0
10,,452,48,0
11,,448,52,0
12,,441,59,0
13,,426,74,0
14,,411,89,0
15,,398,92,10
16,,392,98,10
17,,373,113,14
18,,361,125,14
19,,333,153,14
20,,319,162,19
21,,296,179,25
22,,271,198,31
23,,240,223,37
24,,220,232,48
25,,202,246,52
26,,184,257,59
27,,167,259,74
28,,150,261,89
29,,137,261,102
30,,131,261,108
31,,119,254,127
32,,107,254,139
33,,103,230,167
34,,97,222,181
35,,89,207,204
36,,83,188,229
37,,78,162,260
38,,70,150,280
39,,67,135,298
40,,65,119,316
41,,60,107,333
42,,60,90,350
43,,59,78,363
44,,59,72,369
45,,66,63,371
46,,61,56,383
47,,65,52,383
48,,65,46,389
49,,64,39,397
50,,68,34,398
51,,73,30,397
52,,79,22,399
53,,85,19,396
54,,96,17,387
55,,100,12,388
56,,102,17,381
57,,117,16,367
58,,132,16,352
59,,145,13,342
60,,148,11,341
61,,167,11,322
62,,179,11,310
63,,207,10,283
64,,216,14,270
65,,237,15,248
66,,260,17,223
67,,289,19,192
68,,304,24,172
69,,320,26,154
70,,338,21,141
71,,355,21,124
72,,370,23,107
73,,373,33,94
74,,370,39,91
75,,378,43,79
76,,383,50,67
77,,379,58,63
78,,385,53,62
79,,382,62,56
80,,379,69,52
81,,383,68,49
82,,391,63,46
83,,390,65,45
84,,390,67,43
85,,389,73,38
86,,377,83,40
87,,363,88,49
88,,361,81,58
89,,352,89,59
90,,344,95,61
91,,329,102,69
92,,323,108,69
93,,320,101,79
94,,318,95,87
95,,310,103,87
96,,295,118,87
97,,283,126,91
98,,276,131,93
99,,266,135,99
100,,259,135,106
101,,255,124,121
102,,250,127,123
103,,238,127,135
104,,224,131,145
105,,219,121,160
106,,214,120,166
107,,204,126,170
108,,202,130,168
109,,203,122,175
110,,201,111,188
111,,191,111,198
112,,185,115,200
113,,183,109,208
114,,176,104,220
115,,173,103,224
116,,164,109,227
117,,162,109,229
118,,165,98,237
119,,168,94,238
120,,166,98,236
121,,163,99,238
122,,159,96,245
123,,163,102,235
124,,167,103,230
125,,161,98,241
126,,155,93,252
127,,155,93,252
128,,150,93,257
129,,148,98,254
130,,145,102,253
131,,158,92,250
132,,160,86,254
133,,162,95,243
134,,165,96,239
135,,164,101,235
136,,166,101,233
137,,161,103,236
138,,157,105,238
139,,156,108,236
140,,166,107,227
141,,172,109,219
142,,171,110,219
143,,170,113,217
144,,181,99,220
145,,184,98,218
146,,184,103,213
147,,192,97,211
148,,205,91,204
149,,205,80,215
150,,203,83,214
151,,199,88,213
152,,190,97,213
153,,186,92,222
154,,184,93,223
155,,189,94,217
156,,192,94,214
157,,189,90,221
158,,190,95,215
159,,191,96,213
160,,188,105,207
161,,191,110,199
162,,194,109,197
163,,180,119,201
164,,187,114,199
165,,190,108,202
166,,186,100,214
167,,186,102,212
168,,181,106,213
169,,180,107,213
170,,181,104,215
171,,173,109,218
172,,173,110,217
173,,172,117,211
174,,184,106,210
175,,175,108,217
176,,167,113,220
177,,165,110,225
178,,168,115,217
179,,182,109,209
180,,177,110,213
181,,179,110,211
182,,179,107,214
183,,180,108,212
184,,180,108,212
185,,177,105,218
186,,181,102,217
187,,178,107,215
188,,170,113,217
189,,164,109,227
190,,162,108,230
191,,155,107,238
192,,155,104,241
193,,156,106,238
194,,156,104,240
195,,163,104,233
196,,176,100,224
197,,174,98,228
198,,177,96,227
199,,177,94,229
200,,179,96,225
201,,180,88,232
202,,174,91,235
203,,172,88,240
204,,180,87,233
205,,187,78,235
206,,186,78,236
207,,190,85,225
208,,190,80,230
209,,198,73,229
210,,205,71,224
211,,211,65,224
212,,219,64,217
213,,216,68,216
214,,218,65,217
215,,226,63,211
216,,219,65,216
217,,223,66,211
218,,214,72,214
219,,221,74,205
220,,224,75,201
221,,232,68,200
222,,230,75,195
223,,221,86,193
224,,225,90,185
225,,232,89,179
226,,231,95,174
227,,233,91,176
228,,226,100,174
229,,229,102,169
230,,232,89,179
231,,240,90,170
232,,239,88,173
233,,243,87,170
234,,238,94,168
235,,245,94,161
236,,240,94,166
237,,235,92,173
238,,234,95,171
239,,229,107,164
240,,224,107,169
241,,221,110,169
242,,221,101,178
243,,215,108,177
244,,215,113,172
245,,217,111,172
246,,218,112,170
247,,204,127,169
248,,192,133,175
249,,188,135,177
250,,183,135,182
251,,180,140,180
252,,165,149,186
253,,157,145,198
254,,150,145,205
255,,148,138,214
256,,142,143,215
257,,146,137,217
258,,144,136,220
259,,145,135,220
260,,155,128,217
261,,155,115,230
262,,157,107,236
263,,154,108,238
264,,155,103,242
265,,151,97,252
266,,152,88,260
267,,162,81,257
268,,154,86,260
269,,150,87,263
270,,153,84,263
271,,154,83,263
272,,162,82,256
273,,160,87,253
274,,155,89,256
275,,154,91,255
276,,164,81,255
277,,164,77,259
278,,169,80,251
279,,171,74,255
280,,176,70,254
281,,183,71,246
282,,186,63,251
283,,196,61,243
284,,191,69,240
285,,194,70,236
286,,196,67,237
287,,206,62,232
288,,208,60,232
289,,211,54,235
290,,218,58,224
291,,235,56,209
292,,243,59,198
293,,245,61,194
294,,248,63,189
295,,256,67,177
296,,271,64,165
297,,275,66,159
298,,280,56,164
299,,268,64,168
300,,262,77,161
301,,258,85,157
302,,256,88,156
303,,259,87,154
304,,258,88,154
305,,245,105,150
306,,251,99,150
307,,256,97,147
308,,251,100,149
309,,249,104,147
310,,254,105,141
311,,247,109,144
312,,256,110,134
313,,253,102,145
314,,257,89,154
315,,258,83,159
316,,255,83,162
317,,257,89,154
318,,249,98,153
319,,245,91,164
320,,232,100,168
321,,221,112,167
322,,212,119,169
323,,208,115,177
324,,206,118,176
325,,201,117,182
326,,198,121,181
327,,187,127,186
328,,187,139,174
329,,183,145,172
330,,173,149,178
331,,161,158,181
332,,155,154,191
333,,143,156,201
334,,143,147,210
335,,141,136,223
336,,144,127,229
337,,147,122,231
338,,152,117,231
339,,149,119,232
340,,145,117,238
341,,142,111,247
342,,142,101,257
343,,152,95,253
344,,158,92,250
345,,163,83,254
346,,168,75,257
347,,158,72,270
348,,161,70,269
349,,173,73,254
350,,172,71,257
351,,174,70,256
352,,175,77,248
353,,181,72,247
354,,178,72,250
355,,182,69,249
356,,182,70,248
357,,183,71,246
358,,176,71,253
359,,179,67,254
360,,185,66,249
361,,188,59,253
362,,194,65,241
363,,200,64,236
364,,210,62,228
365,,224,62,214
366,,235,59,206
367,,235,61,204
368,,241,55,204
369,,245,54,201
370,,245,58,197
371,,256,54,190
372,,269,46,185
373,,271,53,176
374,,274,60,166
375,,285,61,154
376,,292,56,152
377,,297,59,144
378,,295,62,143
379,,289,71,140
380,,285,77,138
381,,278,79,143
382,,273,85,142
383,,273,91,136
384,,270,92,138
385,,263,104,133
386,,251,119,130
387,,250,116,134
388,,242,124,134
389,,239,129,132
390,,225,142,133
391,,228,141,131
392,,218,147,135
393,,207,155,138
394,,191,165,144
395,,175,173,152
396,,171,179,150
397,,163,182,155
398,,157,185,158
399,,145,187,168
400,,141,180,179
401,,136,185,179
402,,138,175,187
403,,138,168,194
404,,139,152,209
405,,132,155,213
406,,132,151,217
407,,133,138,229
408,,131,122,247
409,,122,115,263
410,,123,107,270
411,,125,99,276
412,,118,94,288
413,,109,90,301
414,,115,84,301
415,,115,75,310
416,,112,72,316
417,,119,72,309
418,,120,79,301
419,,122,71,307
420,,117,71,312
421,,125,67,308
422,,125,68,307
423,,129,64,307
424,,139,61,300
425,,145,59,296
426,,151,52,297
427,,158,42,300
428,,163,44,293
429,,171,48,281
430,,183,48,269
431,,188,47,265
432,,202,42,256
433,,207,44,249
434,,221,38,241
435,,227,39,234
436,,234,38,228
437,,250,34,216
438,,270,34,196
439,,286,32,182
440,,297,33,170
441,,309,31,160
442,,318,30,152
443,,330,28,142
444,,334,29,137
445,,343,30,127
446,,346,31,123
447,,334,41,125
448,,325,48,127
449,,331,51,118
450,,331,54,115
451,,332,56,112
452,,333,59,108
453,,336,65,99
454,,336,68,96
455,,340,68,92
456,,342,70,88
457,,342,78,80
458,,332,86,82
459,,316,102,82
460,,294,124,82
461,,284,122,94
462,,277,127,96
463,,268,134,98
464,,261,141,98
465,,247,152,101
466,,241,160,99
467,,244,156,100
468,,227,170,103
469,,226,173,101
470,,214,180,106
471,,209,175,116
472,,207,169,124
473,,204,160,136
474,,195,147,158
475,,183,148,169
476,,180,139,181
477,,173,139,188
478,,166,133,201
479,,163,123,214
480,,155,124,221
481,,149,129,222
482,,144,117,239
483,,141,117,242
484,,140,107,253
485,,134,106,260
486,,136,101,263
487,,134,98,268
488,,128,96,276
489,,125,88,287
490,,122,89,289
491,,133,81,286
492,,137,77,286
493,,139,75,286
494,,141,68,291
495,,141,64,295
496,,143,60,297
497,,147,59,294
498,,149,59,292
499,,147,55,298
500,,150,56,294
501,,161,51,288
502,,170,44,286
503,,188,39,273
504,,213,33,254
505,,224,31,245
506,,236,28,236
507,,245,28,227
508,,260,22,218
509,,272,21,207
510,,280,23,197
511,,279,24,197
512,,296,23,181
513,,299,21,180
514,,310,20,170
515,,314,22,164
516,,318,21,161
517,,327,21,152
518,,335,25,140
519,,341,31,128
520,,343,32,125
521,,340,44,116
522,,345,48,107
523,,348,47,105
524,,344,60,96
525,,343,65,92
526,,338,75,87
527,,335,81,84
528,,328,89,83
529,,321,99,80
530,,312,107,81
531,,306,119,75
532,,308,123,69
533,,305,124,71
534,,296,136,68
535,,279,142,79
536,,272,150,78
537,,258,165,77
538,,245,167,88
539,,245,162,93
540,,227,171,102
541,,217,177,106
542,,210,177,113
543,,195,181,124
544,,190,178,132
545,,174,183,143
546,,170,182,148
547,,157,187,156
548,,154,175,171
549,,141,169,190
550,,136,164,200
551,,126,160,214
552,,117,150,233
553,,115,151,234
554,,113,137,250
555,,115,126,259
556,,107,126,267
557,,102,114,284
558,,103,107,290
559,,105,91,304
560,,102,89,309
561,,100,78,322
562,,99,80,321
563,,106,66,328
564,,107,61,332
565,,118,52,330
566,,122,43,335
567,,120,42,338
568,,133,40,327
569,,137,43,320
570,,144,38,318
571,,148,35,317
572,,154,38,308
573,,165,39,296
574,,168,41,291
575,,180,39,281
576,,187,35,278
577,,191,39,270
578,,205,38,257
579,,222,38,240
580,,230,42,228
581,,245,40,215
582,,261,39,200
583,,256,43,201
584,,271,44,185
585,,282,43,175
586,,290,41,169
587,,307,39,154
588,,309,37,154
589,,323,40,137
590,,329,40,131
591,,340,38,122
592,,337,43,120
593,,341,50,109
594,,338,56,106
595,,344,61,95
596,,348,63,89
597,,352,55,93
598,,348,60,92
599,,342,66,92
600,,345,71,84
601,,348,73,79
602,,341,75,84
603,,329,85,86
604,,315,103,82
605,,300,118,82
606,,290,127,83
607,,283,124,93
608,,261,138,101
609,,257,139,104
610,,243,148,109
611,,227,167,106
612,,220,168,112
613,,216,169,115
614,,215,168,117
615,,203,180,117
616,,185,194,121
617,,180,188,132
618,,176,180,144
619,,168,171,161
620,,158,167,175
621,,152,170,178
622,,145,154,201
623,,139,156,205
624,,134,151,215
625,,131,136,233
626,,128,131,241
627,,126,133,241
628,,127,132,241
629,,124,122,254
630,,123,103,274
631,,120,99,281
632,,120,93,287
633,,120,88,292
634,,118,80,302
635,,115,75,310
636,,117,71,312
637,,122,67,311
638,,129,61,310
639,,133,59,308
640,,135,56,309
641,,133,48,319
642,,142,45,313
643,,148,42,310
644,,153,41,306
645,,155,38,307
646,,160,35,305
647,,171,34,295
648,,187,34,279
649,,200,33,267
650,,214,30,256
651,,221,25,254
652,,243,24,233
653,,250,22,228
654,,264,19,217
655,,280,20,200
656,,291,19,190
657,,299,18,183
658,,303,18,179
659,,312,23,165
660,,331,23,146
661,,333,26,141
662,,332,35,133
663,,340,31,129
664,,351,30,119
665,,361,30,109
666,,369,28,103
667,,374,32,94
668,,378,37,85
669,,382,34,84
670,,381,41,78
671,,391,41,68
672,,385,50,65
673,,367,67,66
674,,357,77,66
675,,345,87,68
676,,343,82,75
677,,330,98,72
678,,324,107,69
679,,311,125,64
680,,311,129,60
681,,311,130,59
682,,291,148,61
683,,276,165,59
684,,263,174,63
685,,248,191,61
686,,225,205,70
687,,198,211,91
688,,190,208,102
689,,181,202,117
690,,167,211,122
691,,162,202,136
692,,153,205,142
693,,151,193,156
694,,132,209,159
695,,124,212,164
696,,113,202,185
697,,108,190,202
698,,103,179,218
699,,101,167,232
700,,96,148,256
701,,87,129,284
702,,87,121,292
703,,87,117,296
704,,84,106,310
705,,88,100,312
706,,100,88,312
707,,98,84,318
708,,94,68,338
709,,90,64,346
710,,89,52,359
711,,91,49,360
712,,94,46,360
713,,92,43,365
714,,97,40,363
715,,97,31,372
716,,107,30,363
717,,129,25,346
718,,141,20,339
719,,150,25,325
720,,157,25,318
721,,172,24,304
722,,180,21,299
723,,196,19,285
724,,199,19,282
725,,201,20,279
726,,224,18,258
727,,241,16,243
728,,252,19,229
729,,269,19,212
730,,292,20,188
731,,315,25,160
732,,322,27,151
733,,328,24,148
734,,340,28,132
735,,346,28,126
736,,352,33,115
737,,351,38,111
738,,364,44,92
739,,359,54,87
740,,364,62,74
741,,366,65,69
742,,358,73,69
743,,347,89,64
744,,337,103,60
745,,329,115,56
746,,306,137,57
747,,302,143,55
748,,279,167,54
749,,263,183,54
750,,250,190,60
751,,242,193,65
752,,222,210,68
753,,209,214,77
754,,195,221,84
755,,188,227,85
756,,175,229,96
757,,174,216,110
758,,154,223,123
759,,142,218,140
760,,132,204,164
761,,124,203,173
762,,114,185,201
763,,116,172,212
764,,111,164,225
765,,105,161,234
766,,102,141,257
767,,101,127,272
768,,100,114,286
769,,101,107,292
770,,97,96,307
771,,93,97,310
772,,96,77,327
773,,96,65,339
774,,94,58,348
775,,96,53,351
776,,94,47,359
777,,97,43,360
778,,100,39,361
779,,97,36,367
780,,103,32,365
781,,110,29,361
782,,117,27,356
783,,129,26,345
784,,136,23,341
785,,139,19,342
786,,150,19,331
787,,166,19,315
788,,178,19,303
789,,194,17,289
790,,218,13,269
791,,227,13,260
792,,255,12,233
793,,272,8,220
794,,285,8,207
795,,295,8,197
796,,319,8,173
797,,336,7,157
798,,348,9,143
799,,353,13,134
800,,360,19,121
801,,362,20,118
802,,384,17,99
803,,396,16,88
804,,402,20,78
805,,406,24,70
806,,415,25,60
807,,410,34,56
808,,407,42,51
809,,409,47,44
810,,412,48,40
811,,415,48,37
812,,410,52,38
813,,405,55,40
814,,405,51,44
815,,400,59,41
816,,390,71,39
817,,382,79,39
818,,377,83,40
819,,372,87,41
820,,356,106,38
821,,349,104,47
822,,333,113,54
823,,325,120,55
824,,319,125,56
825,,299,145,56
826,,288,149,63
827,,282,149,69
828,,257,171,72
829,,245,174,81
830,,232,177,91
831,,212,189,99
832,,207,189,104
833,,195,194,111
834,,187,182,131
835,,173,189,138
836,,166,179,155
837,,151,182,167
838,,143,184,173
839,,131,176,193
840,,125,171,204
841,,117,172,211
842,,116,150,234
843,,116,142,242
844,,118,133,249
845,,108,124,268
846,,104,120,276
847,,102,109,289
848,,105,102,293
849,,106,91,303
850,,104,87,309
851,,107,78,315
852,,110,75,315
853,,113,65,322
854,,109,64,327
855,,107,58,335
856,,114,54,332
857,,119,52,329
858,,123,46,331
859,,130,37,333
860,,140,35,325
861,,148,33,319
862,,155,33,312
863,,162,31,307
864,,171,39,290
865,,176,35,289
866,,192,31,277
867,,204,29,267
868,,210,24,266
869,,228,24,248
870,,239,24,237
871,,246,22,232
872,,270,24,206
873,,278,26,196
874,,284,33,183
875,,300,37,163
876,,308,36,156
877,,313,43,144
878,,318,35,147
879,,328,37,135
880,,333,38,129
881,,348,38,114
882,,352,42,106
883,,359,45,96
884,,361,49,90
885,,369,49,82
886,,361,59,80
887,,352,68,80
888,,339,78,83
889,,333,91,76
890,,330,98,72
891,,311,111,78
892,,302,118,80
893,,288,131,81
894,,283,137,80
895,,280,146,74
896,,279,148,73
897,,273,151,76
898,,261,164,75
899,,238,189,73
900,,236,179,85
901,,226,178,96
902,,198,187,115
903,,198,172,130
904,,193,172,135
905,,176,168,156
906,,164,171,165
907,,151,168,181
908,,155,167,178
909,,150,165,185
910,,140,170,190
911,,137,165,198
912,,135,150,215
913,,131,131,238
914,,125,135,240
915,,120,128,252
916,,114,108,278
917,,110,114,276
918,,110,116,274
919,,109,104,287
920,,107,93,300
921,,114,80,306
922,,117,73,310
923,,119,68,313
924,,116,62,322
925,,111,64,325
926,,114,63,323
927,,118,58,324
928,,121,53,326
929,,119,50,331
930,,131,42,327
931,,144,34,322
932,,163,25,312
933,,177,23,300
934,,184,21,295
935,,205,20,275
936,,215,20,265
937,,228,22,250
938,,233,20,247
939,,241,16,243
940,,247,15,238
941,,255,14,231
942,,272,13,215
943,,297,11,192
944,,299,11,190
945,,309,13,178
946,,337,13,150
947,,335,14,151
948,,341,15,144
949,,354,19,127
950,,367,19,114
951,,378,18,104
952,,383,17,100
953,,386,20,94
954,,397,20,83
955,,400,20,80
956,,402,20,78
957,,408,20,72
958,,414,20,66
959,,416,21,63
960,,407,38,55
961,,409,40,51
962,,403,54,43
963,,403,55,42
964,,391,69,40
965,,368,90,42
966,,356,100,44
967,,349,105,46
968,,343,116,41
969,,331,133,36
970,,300,165,35
971,,289,177,34
972,,268,199,33
973,,262,204,34
974,,251,198,51
975,,223,220,57
976,,197,231,72
977,,184,242,74
978,,175,237,88
979,,154,234,112
980,,142,234,124
981,,123,248,129
982,,111,252,137
983,,100,247,153
984,,94,221,185
985,,89,214,197
986,,78,203,219
987,,76,197,227
988,,71,191,238
989,,71,165,264
990,,64,146,290
991,,62,136,302
992,,62,128,310
993,,65,108,327
994,,64,97,339
995,,67,74,359
996,,67,61,372
997,,70,50,380
998,,70,44,386
999,,66,43,391
1000,,64,34,402
1001,,64,32,404
1002,,62,29,409
1003,,65,27,408
1004,,82,20,398
1005,,84,18,398
1006,,98,18,384
1007,,103,17,380
1008,,116,17,367
1009,,140,17,343
1010,,151,16,333
1011,,160,15,325
1012,,171,15,314
1013,,187,12,301
1014,,219,10,271
1015,,229,12,259
1016,,251,10,239
1017,,259,10,231
1018,,270,10,220
1019,,295,9,196
1020,,318,11,171
1021,,334,11,155
1022,,335,18,147
1023,,356,18,126
1024,,368,17,115
1025,,390,18,92
1026,,404,19,77
1027,,414,20,66
1028,,418,22,60
1029,,421,22,57
1030,,428,26,46
1031,,428,28,44
1032,,430,31,39
1033,,429,31,40
1034,,427,37,36
1035,,423,47,30
1036,,415,48,37
1037,,409,55,36
1038,,406,59,35
1039,,406,58,36
1040,,404,61,35
1041,,397,67,36
1042,,387,75,38
1043,,388,76,36
1044,,372,90,38
1045,,361,99,40
1046,,344,115,41
1047,,333,123,44
1048,,321,126,53
1049,,318,123,59
1050,,313,120,67
1051,,301,125,74
1052,,288,135,77
1053,,265,158,77
1054,,254,166,80
1055,,236,176,88
1056,,222,180,98
1057,,217,183,100
1058,,186,196,118
1059,,171,202,127
1060,,164,190,146
1061,,152,191,157
1062,,145,186,169
1063,,135,192,173
1064,,129,195,176
1065,,125,187,188
1066,,126,180,194
1067,,120,163,217
1068,,111,160,229
1069,,108,146,246
1070,,98,143,259
1071,,96,141,263
1072,,86,122,292
1073,,85,108,307
1074,,89,101,310
1075,,88,92,320
1076,,90,86,324
1077,,92,74,334
1078,,97,69,334
1079,,103,69,328
1080,,110,64,326
1081,,116,59,325
1082,,117,53,330
1083,,117,49,334
1084,,118,41,341
1085,,125,38,337
1086,,135,26,339
1087,,136,25,339
1088,,154,25,321
1089,,164,23,313
1090,,179,26,295
1091,,190,25,285
1092,,202,21,277
1093,,209,17,274
1094,,215,15,270
1095,,227,14,259
1096,,241,11,248
1097,,264,11,225
1098,,276,8,216
1099,,294,7,199
1100,,305,10,185
1101,,308,11,181
1102,,339,11,150
1103,,356,10,134
1104,,363,6,131
1105,,374,7,119
1106,,381,7,112
1107,,389,12,99
1108,,398,12,90
1109,,397,17,86
1110,,403,18,79
1111,,400,27,73
1112,,407,29,64
1113,,407,33,60
1114,,415,33,52
1115,,413,36,51
1116,,420,41,39
1117,,403,61,36
1118,,394,70,36
1119,,392,74,34
1120,,367,100,33
1121,,352,111,37
1122,,338,129,33
1123,,325,141,34
1124,,311,156,33
1125,,286,173,41
1126,,282,178,40
1127,,265,191,44
1128,,249,207,44
1129,,227,224,49
1130,,211,235,54
1131,,199,229,72
1132,,183,236,81
1133,,168,247,85
1134,,150,243,107
1135,,134,243,123
1136,,128,231,141
1137,,117,225,158
1138,,114,212,174
1139,,107,193,200
1140,,96,197,207
1141,,89,187,224
1142,,83,174,243
1143,,82,152,266
1144,,80,141,279
1145,,82,128,290
1146,,79,115,306
1147,,75,103,322
1148,,75,81,344
1149,,73,68,359
1150,,71,64,365
1151,,74,55,371
1152,,72,54,374
1153,,76,48,376
1154,,71,43,386
1155,,80,36,384
1156,,82,30,388
1157,,85,30,385
1158,,88,25,387
1159,,89,29,382
1160,,94,26,380
1161,,114,22,364
1162,,122,23,355
1163,,125,22,353
1164,,150,21,329
1165,,165,20,315
1166,,181,20,299
1167,,196,21,283
1168,,212,15,273
1169,,236,17,247
1170,,243,17,240
1171,,260,16,224
1172,,279,16,205
1173,,301,12,187
1174,,316,13,171
1175,,329,14,157
1176,,345,13,142
1177,,358,14,128
1178,,380,13,107
1179,,394,14,92
1180,,400,12,88
1181,,408,13,79
1182,,409,15,76
1183,,413,16,71
1184,,424,16,60
1185,,431,16,53
1186,,434,19,47
1187,,428,25,47
1188,,433,24,43
1189,,430,27,43
1190,,426,34,40
1191,,425,36,39
1192,,425,36,39
1193,,425,37,38
1194,,427,37,36
1195,,414,49,37
1196,,407,56,37
1197,,390,71,39
1198,,379,88,33
1199,,369,98,33
1200,,359,105,36
1201,,351,107,42
1202,,326,132,42
1203,,312,147,41
1204,,299,153,48
1205,,286,161,53
1206,,272,176,52
1207,,269,178,53
1208,,235,213,52
1209,,224,210,66
1210,,206,221,73
1211,,184,227,89
1212,,164,230,106
1213,,164,222,114
1214,,141,235,124
1215,,131,236,133
1216,,119,223,158
1217,,110,214,176
1218,,95,217,188
1219,,88,212,200
1220,,79,206,215
1221,,78,205,217
1222,,76,172,252
1223,,74,164,262
1224,,67,151,282
1225,,68,129,303
1226,,70,109,321
1227,,69,111,320
1228,,67,90,343
1229,,67,80,353
1230,,70,68,362
1231,,76,59,365
1232,,75,44,381
1233,,77,38,385
1234,,84,29,387
1235,,89,25,386
1236,,89,23,388
1237,,90,21,389
1238,,89,15,396
1239,,104,13,383
1240,,112,14,374
1241,,130,10,360
1242,,147,8,345
1243,,154,11,335
1244,,163,12,325
1245,,172,11,317
1246,,197,10,293
1247,,216,8,276
1248,,229,8,263
1249,,242,8,250
1250,,255,10,235
1251,,260,8,232
1252,,295,7,198
1253,,302,12,186
1254,,320,13,167
1255,,344,13,143
1256,,364,13,123
1257,,366,10,124
1258,,387,11,102
1259,,397,11,92
1260,,409,11,80
1261,,412,18,70
1262,,423,23,54
1263,,428,26,46
1264,,432,29,39
1265,,425,40,35
1266,,423,44,33
1267,,418,48,34
1268,,415,56,29
1269,,411,62,27
1270,,405,68,27
1271,,401,76,23
1272,,397,80,23
1273,,395,82,23
1274,,385,92,23
1275,,374,97,29
1276,,366,101,33
1277,,360,106,34
1278,,345,116,39
1279,,334,116,50
1280,,326,120,54
1281,,315,124,61
1282,,283,147,70
1283,,263,161,76
1284,,254,165,81
1285,,239,172,89
1286,,235,170,95
1287,,228,178,94
1288,,211,186,103
1289,,200,185,115
1290,,194,182,124
1291,,186,182,132
1292,,173,180,147
1293,,157,185,158
1294,,152,184,164
1295,,142,181,177
1296,,134,156,210
1297,,130,145,225
1298,,128,139,233
1299,,118,134,248
1300,,116,132,252
1301,,109,129,262
1302,,108,114,278
1303,,105,106,289
1304,,102,103,295
1305,,107,97,296
1306,,110,86,304
1307,,110,73,317
1308,,109,72,319
1309,,118,64,318
1310,,120,58,322
1311,,127,51,322
1312,,136,48,316
1313,,142,38,320
1314,,148,36,316
1315,,154,31,315
1316,,160,28,312
1317,,158,29,313
1318,,166,28,306
1319,,177,27,296
1320,,186,25,289
1321,,190,26,284
1322,,205,20,275
1323,,215,19,266
1324,,219,21,260
1325,,229,22,249
1326,,261,22,217
1327,,281,22,197
1328,,291,22,187
1329,,306,20,174
1330,,310,20,170
1331,,315,21,164
1332,,332,20,148
1333,,339,23,138
1334,,345,23,132
1335,,351,21,128
1336,,362,23,115
1337,,375,25,100
1338,,376,27,97
1339,,386,24,90
1340,,391,26,83
1341,,397,29,74
1342,,401,29,70
1343,,411,29,60
1344,,410,32,58
1345,,417,27,56
1346,,414,32,54
1347,,405,40,55
1348,,408,40,52
1349,,405,43,52
1350,,405,43,52
1351,,408,40,52
1352,,414,34,52
1353,,411,39,50
1354,,406,43,51
1355,,400,48,52
1356,,396,53,51
1357,,395,54,51
1358,,390,56,54
1359,,384,64,52
1360,,379,63,58
1361,,371,63,66
1362,,363,73,64
1363,,352,80,68
1364,,341,89,70
1365,,332,102,66
1366,,327,107,66
1367,,317,113,70
1368,,311,116,73
1369,,300,122,78
1370,,290,128,82
1371,,279,138,83
1372,,268,144,88
1373,,261,143,96
1374,,257,142,101
1375,,247,145,108
1376,,241,142,117
1377,,222,153,125
1378,,216,148,136
1379,,208,145,147
1380,,193,157,150
1381,,190,152,158
1382,,192,146,162
1383,,182,142,176
1384,,175,141,184
1385,,172,136,192
1386,,169,128,203
1387,,158,132,210
1388,,155,134,211
1389,,151,123,226
1390,,155,118,227
1391,,161,101,238
1392,,159,97,244
1393,,162,89,249
1394,,153,83,264
1395,,147,83,270
1396,,143,83,274
1397,,148,73,279
1398,,155,63,282
1399,,158,62,280
1400,,162,60,278
1401,,159,53,288
1402,,160,51,289
1403,,167,48,285
1404,,171,47,282
1405,,182,42,276
1406,,190,42,268
1407,,201,41,258
1408,,210,32,258
1409,,221,28,251
1410,,226,24,250
1411,,237,24,239
1412,,243,28,229
1413,,254,26,220
1414,,264,26,210
1415,,272,25,203
1416,,281,23,196
1417,,285,25,190
1418,,289,24,187
1419,,290,37,173
1420,,293,39,168
1421,,306,48,146
1422,,309,49,142
1423,,312,54,134
1424,,324,59,117
1425,,328,61,111
1426,,330,59,111
1427,,336,60,104
1428,,346,59,95
1429,,341,67,92
1430,,332,77,91
1431,,323,94,83
1432,,307,116,77
1433,,297,116,87
1434,,291,120,89
1435,,286,121,93
1436,,280,126,94
1437,,270,131,99
1438,,265,142,93
1439,,261,150,89
1440,,260,153,87
1441,,248,161,91
1442,,238,171,91
1443,,233,170,97
1444,,233,159,108
1445,,226,150,124
1446,,212,146,142
1447,,201,144,155
1448,,200,138,162
1449,,193,135,172
1450,,183,139,178
1451,,182,129,189
1452,,177,120,203
1453,,175,114,211
1454,,166,118,216
1455,,160,112,228
1456,,153,113,234
1457,,150,109,241
1458,,140,119,241
1459,,142,109,249
1460,,135,100,265
1461,,131,95,274
1462,,124,100,276
1463,,131,99,270
1464,,132,90,278
1465,,138,92,270
1466,,137,89,274
1467,,144,85,271
1468,,148,77,275
1469,,149,72,279
1470,,147,65,288
1471,,148,62,290
1472,,137,62,301
1473,,148,61,291
1474,,156,56,288
1475,,175,50,275
1476,,193,47,260
1477,,201,46,253
1478,,203,49,248
1479,,214,45,241
1480,,217,46,237
1481,,229,46,225
1482,,242,48,210
1483,,246,53,201
1484,,241,59,200
1485,,250,59,191
1486,,257,51,192
1487,,262,56,182
1488,,260,55,185
1489,,261,64,175
1490,,271,68,161
1491,,281,64,155
1492,,279,62,159
1493,,268,81,151
1494,,269,87,144
1495,,262,96,142
1496,,252,110,138
1497,,243,117,140
1498,,234,125,141
1499,,232,130,138
1500,,232,138,130
1501,,227,144,129
1502,,214,165,121
1503,,206,164,130
1504,,194,177,129
1505,,186,190,124
1506,,180,199,121
1507,,176,191,133
1508,,168,191,141
1509,,165,189,146
1510,,156,185,159
1511,,142,186,172
1512,,129,182,189
1513,,127,177,196
1514,,120,177,203
1515,,113,176,211
1516,,120,156,224
1517,,116,151,233
1518,,114,136,250
1519,,111,125,264
1520,,112,115,273
1521,,115,107,278
1522,,108,109,283
1523,,106,104,290
1524,,108,94,298
1525,,105,83,312
1526,,104,73,323
1527,,109,71,320
1528,,117,62,321
1529,,120,52,328
1530,,116,55,329
1531,,121,51,328
1532,,124,45,331
1533,,132,43,325
1534,,140,40,320
1535,,141,38,321
1536,,145,25,330
1537,,163,24,313
1538,,174,21,305
1539,,181,20,299
1540,,195,19,286
1541,,206,20,274
1542,,223,19,258
1543,,223,27,250
1544,,234,20,246
1545,,243,22,235
1546,,262,27,211
1547,,267,29,204
1548,,287,30,183
1549,,297,34,169
1550,,309,35,156
1551,,318,36,146
1552,,325,40,135
1553,,318,52,130
1554,,325,55,120
1555,,334,58,108
1556,,332,73,95
1557,,333,67,100
1558,,334,77,89
1559,,334,85,81
1560,,315,103,82
1561,,304,114,82
1562,,304,119,77
1563,,297,125,78
1564,,289,135,76
1565,,267,158,75
1566,,255,179,66
1567,,241,181,78
1568,,235,184,81
1569,,223,194,83
1570,,215,190,95
1571,,203,201,96
1572,,202,194,104
1573,,185,201,114
1574,,184,186,130
1575,,172,183,145
1576,,161,188,151
1577,,157,183,160
1578,,152,177,171
1579,,147,158,195
1580,,143,137,220
1581,,137,128,235
1582,,135,121,244
1583,,135,108,257
1584,,137,97,266
1585,,134,89,277
1586,,134,87,279
1587,,133,79,288
1588,,131,73,296
1589,,125,69,306
1590,,126,62,312
1591,,128,58,314
1592,,121,61,318
1593,,125,56,319
1594,,125,53,322
1595,,122,51,327
1596,,121,54,325
1597,,130,57,313
1598,,130,62,308
1599,,133,59,308
1600,,145,62,293
1601,,146,54,300
1602,,156,52,292
1603,,163,47,290
1604,,184,45,271
1605,,192,50,258
1606,,196,44,260
1607,,198,52,250
1608,,208,52,240
1609,,230,50,220
1610,,249,51,200
1611,,261,50,189
1612,,267,47,186
1613,,281,46,173
1614,,287,48,165
1615,,300,47,153
1616,,294,56,150
1617,,311,53,136
1618,,303,67,130
1619,,309,66,125
1620,,312,72,116
1621,,313,68,119
1622,,312,73,115
1623,,313,75,112
1624,,316,70,114
1625,,320,69,111
1626,,318,70,112
1627,,319,70,111
1628,,315,69,116
1629,,304,85,111
1630,,295,86,119
1631,,300,90,110
1632,,288,88,124
1633,,287,91,122
1634,,286,88,126
1635,,282,89,129
1636,,269,104,127
1637,,260,109,131
1638,,248,121,131
1639,,236,135,129
1640,,226,146,128
1641,,220,156,124
1642,,209,168,123
1643,,192,171,137
1644,,174,183,143
1645,,162,192,146
1646,,155,185,160
1647,,148,186,166
1648,,134,197,169
1649,,131,201,168
1650,,130,183,187
1651,,117,195,188
1652,,109,191,200
1653,,97,189,214
1654,,93,184,223
1655,,92,178,230
1656,,88,168,244
1657,,77,161,262
1658,,80,142,278
1659,,73,136,291
1660,,76,135,289
1661,,74,127,299
1662,,85,116,299
1663,,85,112,303
1664,,90,112,298
1665,,92,93,315
1666,,89,93,318
1667,,90,82,328
1668,,88,75,337
1669,,91,70,339
1670,,91,67,342
1671,,88,59,353
1672,,92,57,351
1673,,107,51,342
1674,,116,46,338
1675,,117,47,336
1676,,124,49,327
1677,,133,43,324
1678,,135,43,322
1679,,140,41,319
1680,,160,33,307
1681,,167,32,301
1682,,178,31,291
1683,,194,32,274
1684,,205,32,263
1685,,215,29,256
1686,,225,35,240
1687,,236,42,222
1688,,250,49,201
1689,,263,46,191
1690,,267,42,191
1691,,272,47,181
1692,,287,45,168
1693,,290,51,159
1694,,291,52,157
1695,,307,55,138
1696,,303,66,131
1697,,317,66,117
1698,,325,64,111
1699,,330,63,107
1700,,330,63,107
1701,,338,59,103
1702,,339,53,108
1703,,344,55,101
1704,,342,60,98
1705,,328,71,101
1706,,328,75,97
1707,,334,68,98
1708,,335,68,97
1709,,334,66,100
1710,,331,65,104
1711,,326,73,101
1712,,324,76,100
1713,,320,80,100
1714,,319,78,103
1715,,323,74,103
1716,,324,72,104
1717,,317,78,105
1718,,313,75,112
1719,,307,68,125
1720,,307,70,123
1721,,303,74,123
1722,,299,79,122
1723,,281,94,125
1724,,278,86,136
1725,,272,86,142
1726,,273,82,145
1727,,273,79,148
1728,,274,77,149
1729,,262,90,148
1730,,264,95,141
1731,,266,93,141
1732,,265,97,138
1733,,258,95,147
1734,,251,98,151
1735,,247,103,150
1736,,236,108,156
1737,,234,98,168
1738,,230,100,170
1739,,224,103,173
1740,,233,106,161
1741,,228,111,161
1742,,223,115,162
1743,,214,111,175
1744,,210,117,173
1745,,207,118,175
1746,,201,117,182
1747,,201,112,187
1748,,203,108,189
1749,,212,106,182
1750,,208,103,189
1751,,201,101,198
1752,,187,111,202
1753,,183,107,210
1754,,189,109,202
1755,,190,111,199
1756,,186,113,201
1757,,181,113,206
1758,,182,106,212
1759,,173,108,219
1760,,165,108,227
1761,,171,108,221
1762,,169,109,222
1763,,169,111,220
1764,,171,107,222
1765,,173,102,225
1766,,177,89,234
1767,,190,87,223
1768,,177,98,225
1769,,182,94,224
1770,,179,89,232
1771,,173,87,240
1772,,173,86,241
1773,,178,85,237
1774,,180,80,240
1775,,176,88,236
1776,,183,83,234
1777,,185,79,236
1778,,195,74,231
1779,,199,77,224
1780,,207,78,215
1781,,210,78,212
1782,,216,61,223
1783,,227,58,215
1784,,226,59,215
1785,,221,63,216
1786,,226,62,212
1787,,223,66,211
1788,,230,67,203
1789,,232,62,206
1790,,239,61,200
1791,,236,61,203
1792,,234,69,197
1793,,239,66,195
1794,,243,67,190
1795,,247,64,189
1796,,259,68,173
1797,,263,71,166
1798,,267,68,165
1799,,262,70,168
1800,,253,86,161
1801,,248,88,164
1802,,249,87,164
1803,,237,103,160
1804,,238,109,153
1805,,237,107,156
1806,,227,116,157
1807,,218,132,150
1808,,213,137,150
1809,,211,138,151
1810,,212,136,152
1811,,207,143,150
1812,,216,149,135
1813,,212,144,144
1814,,210,132,158
1815,,209,126,165
1816,,204,131,165
1817,,196,126,178
1818,,193,125,182
1819,,191,134,175
1820,,177,133,190
1821,,179,118,203
1822,,173,114,213
1823,,164,124,212
1824,,161,129,210
1825,,159,126,215
1826,,156,121,223
1827,,154,116,230
1828,,153,116,231
1829,,158,114,228
1830,,158,108,234
1831,,165,97,238
1832,,162,98,240
1833,,160,93,247
1834,,156,82,262
1835,,157,83,260
1836,,164,78,258
1837,,155,75,270
1838,,158,70,272
1839,,159,64,277
1840,,161,63,276
1841,,162,63,275
1842,,162,59,279
1843,,172,56,272
1844,,189,55,256
1845,,201,52,247
1846,,203,46,251
1847,,223,40,237
1848,,227,38,235
1849,,222,42,236
1850,,238,42,220
1851,,254,33,213
1852,,258,37,205
1853,,262,35,203
1854,,264,33,203
1855,,275,30,195
1856,,277,34,189
1857,,283,33,184
1858,,278,43,179
1859,,273,54,173
1860,,277,57,166
1861,,293,56,151
1862,,288,64,148
1863,,297,59,144
1864,,305,66,129
1865,,300,72,128
1866,,292,80,128
1867,,292,94,114
1868,,291,102,107
1869,,292,109,99
1870,,284,114,102
1871,,274,125,101
1872,,273,121,106
1873,,269,118,113
1874,,264,121,115
1875,,248,142,110
1876,,250,136,114
1877,,238,152,110
1878,,227,160,113
1879,,215,168,117
1880,,194,176,130
1881,,196,171,133
1882,,191,170,139
1883,,185,171,144
1884,,172,175,153
1885,,158,179,163
1886,,151,181,168
1887,,147,178,175
1888,,140,179,181
1889,,137,163,200
1890,,132,164,204
1891,,119,159,222
1892,,119,146,235
1893,,122,135,243
1894,,117,119,264
1895,,111,118,271
1896,,113,115,272
1897,,107,113,280
1898,,97,108,295
1899,,93,95,312
1900,,95,90,315
1901,,95,85,320
1902,,104,79,317
1903,,116,75,309
1904,,116,73,311
1905,,108,67,325
1906,,118,65,317
1907,,116,65,319
1908,,122,61,317
1909,,128,55,317
1910,,138,55,307
1911,,147,54,299
1912,,150,49,301
1913,,155,47,298
1914,,166,43,291
1915,,170,50,280
1916,,172,53,275
1917,,180,54,266
1918,,182,55,263
1919,,194,56,250
1920,,195,59,246
1921,,211,57,232
1922,,223,59,218
1923,,236,60,204
1924,,256,58,186
1925,,263,55,182
1926,,267,53,180
1927,,268,58,174
1928,,277,64,159
1929,,291,58,151
1930,,296,57,147
1931,,296,62,142
1932,,303,58,139
1933,,308,49,143
1934,,312,47,141
1935,,320,50,130
1936,,315,54,131
1937,,312,59,129
1938,,310,65,125
1939,,312,69,119
1940,,299,83,118
1941,,296,85,119
1942,,297,88,115
1943,,285,101,114
1944,,285,101,114
1945,,272,109,119
1946,,265,117,118
1947,,248,135,117
1948,,244,141,115
1949,,240,147,113
1950,,232,148,120
1951,,220,157,123
1952,,214,157,129
1953,,205,162,133
1954,,189,165,146
1955,,179,171,150
1956,,163,183,154
1957,,150,182,168
1958,,145,183,172
1959,,146,176,178
1960,,137,181,182
1961,,134,168,198
1962,,136,163,201
1963,,141,155,204
1964,,143,148,209
1965,,142,135,223
1966,,141,132,227
1967,,139,126,235
1968,,136,111,253
1969,,130,104,266
1970,,119,97,284
1971,,120,88,292
1972,,120,89,291
1973,,123,81,296
1974,,125,69,306
1975,,131,65,304
1976,,128,66,306
1977,,125,65,310
1978,,125,65,310
1979,,127,65,308
1980,,133,62,305
1981,,140,58,302
1982,,146,55,299
1983,,148,51,301
1984,,162,40,298
1985,,171,34,295
1986,,177,31,292
1987,,193,31,276
1988,,194,32,274
1989,,205,35,260
1990,,213,32,255
1991,,230,30,240
1992,,238,28,234
1993,,250,24,226
1994,,256,25,219
1995,,272,25,203
1996,,279,24,197
1997,,290,20,190
1998,,310,17,173
1999,,325,17,158
2000,,346,14,140
2001,,361,14,125
2002,,360,17,123
2003,,368,13,119
2004,,382,12,106
2005,,386,12,102
2006,,385,16,99
2007,,389,16,95
2008,,391,13,96
2009,,395,12,93
2010,,400,11,89
2011,,403,13,84
2012,,408,13,79
2013,,407,22,71
2014,,419,24,57
2015,,424,25,51
2016,,430,19,51
2017,,429,20,51
2018,,431,20,49
2019,,425,26,49
2020,,424,27,49
2021,,418,36,46
2022,,413,43,44
2023,,408,52,40
2024,,373,89,38
2025,,365,96,39
2026,,354,109,37
2027,,344,114,42
2028,,332,127,41
2029,,320,138,42
2030,,294,167,39
2031,,277,183,40
2032,,264,199,37
2033,,253,207,40
2034,,239,217,44
2035,,226,222,52
2036,,205,236,59
2037,,189,243,68
2038,,177,221,102
2039,,159,231,110
2040,,146,232,122
2041,,136,228,136
2042,,126,223,151
2043,,122,215,163
2044,,112,196,192
2045,,98,193,209
2046,,100,181,219
2047,,93,173,234
2048,,82,169,249
2049,,71,167,262
2050,,71,150,279
2051,,68,137,295
2052,,67,123,310
2053,,66,105,329
2054,,65,92,343
2055,,67,82,351
2056,,66,73,361
2057,,74,70,356
2058,,73,63,364
2059,,74,49,377
2060,,74,45,381
2061,,74,39,387
2062,,74,28,398
2063,,81,16,403
2064,,86,12,402
2065,,95,9,396
2066,,102,8,390
2067,,111,7,382
2068,,147,7,346
2069,,156,7,337
2070,,169,6,325
2071,,181,7,312
2072,,196,4,300
2073,,208,4,288
2074,,237,4,259
2075,,254,3,243
2076,,270,3,227
2077,,285,3,212
2078,,300,3,197
2079,,314,3,183
2080,,332,6,162
2081,,348,6,146
2082,,363,5,132
2083,,382,5,113
2084,,396,5,99
2085,,406,3,91
2086,,413,6,81
2087,,417,6,77
2088,,427,6,67
2089,,441,6,53
2090,,445,6,49
2091,,447,11,42
2092,,458,11,31
2093,,470,11,19
2094,,474,8,18
2095,,477,8,15
2096,,470,16,14
2097,,469,18,13
2098,,468,20,12
2099,,462,26,12
2100,,460,26,14
2101,,449,38,13
2102,,441,49,10
2103,,431,59,10
2104,,422,68,10
2105,,418,68,14
2106,,403,83,14
2107,,400,86,14
2108,,390,96,14
2109,,379,107,14
2110,,374,104,22
2111,,355,121,24
2112,,348,127,25
2113,,324,145,31
2114,,308,158,34
2115,,304,152,44
2116,,280,165,55
2117,,262,173,65
2118,,231,195,74
2119,,203,218,79
2120,,190,216,94
2121,,176,227,97
2122,,167,226,107
2123,,153,229,118
2124,,146,234,120
2125,,133,228,139
2126,,128,225,147
2127,,110,219,171
2128,,102,211,187
2129,,94,213,193
2130,,96,190,214
2131,,95,173,232
2132,,91,146,263
2133,,84,125,291
2134,,82,114,304
2135,,85,102,313
2136,,81,97,322
2137,,76,88,336
2138,,76,78,346
2139,,76,65,359
2140,,82,62,356
2141,,82,46,372
2142,,84,38,378
2143,,90,30,380
2144,,93,29,378
2145,,103,30,367
2146,,112,28,360
2147,,122,21,357
2148,,130,20,350
2149,,135,18,347
2150,,147,17,336
2151,,150,12,338
2152,,160,12,328
2153,,170,13,317
2154,,173,13,314
2155,,192,11,297
2156,,200,11,289
2157,,224,11,265
2158,,236,15,249
2159,,242,13,245
2160,,266,11,223
2161,,284,11,205
2162,,313,12,175
2163,,336,17,147
2164,,349,14,137
2165,,363,14,123
2166,,372,14,114
2167,,386,13,101
2168,,391,16,93
2169,,402,18,80
2170,,407,18,75
2171,,425,18,57
2172,,425,22,53
2173,,428,27,45
2174,,429,27,44
2175,,428,29,43
2176,,427,32,41
2177,,428,33,39
2178,,430,33,37
2179,,426,39,35
2180,,417,52,31
2181,,407,67,26
2182,,407,62,31
2183,,395,72,33
2184,,394,75,31
2185,,387,84,29
2186,,371,92,37
2187,,362,96,42
2188,,337,121,42
2189,,330,128,42
2190,,306,149,45
2191,,297,152,51
2192,,281,169,50
2193,,264,180,56
2194,,260,174,66
2195,,240,179,81
2196,,236,183,81
2197,,218,190,92
2198,,204,203,93
2199,,197,201,102
2200,,186,196,118
2201,,164,209,127
2202,,157,195,148
2203,,146,197,157
2204,,138,179,183
2205,,121,187,192
2206,,104,189,207
2207,,103,178,219
2208,,95,179,226
2209,,89,165,246
2210,,83,167,250
2211,,80,151,269
2212,,78,142,280
2213,,74,141,285
2214,,72,132,296
2215,,66,116,318
2216,,73,106,321
2217,,77,96,327
2218,,74,91,335
2219,,74,76,350
2220,,79,57,364
2221,,85,51,364
2222,,81,47,372
2223,,87,41,372
2224,,100,35,365
2225,,109,38,353
2226,,109,31,360
2227,,121,25,354
2228,,123,24,353
2229,,131,19,350
2230,,147,18,335
2231,,155,18,327
2232,,176,19,305
2233,,181,21,298
2234,,207,21,272
2235,,216,21,263
2236,,233,17,250
2237,,249,18,233
2238,,254,20,226
2239,,274,14,212
2240,,278,14,208
2241,,297,14,189
2242,,313,13,174
2243,,317,15,168
2244,,328,15,157
2245,,349,15,136
2246,,360,11,129
2247,,371,7,122
2248,,375,11,114
2249,,389,14,97
2250,,408,14,78
2251,,405,22,73
2252,,411,22,67
2253,,414,25,61
2254,,413,32,55
2255,,412,36,52
2256,,416,39,45
2257,,404,54,42
2258,,398,62,40
2259,,403,62,35
2260,,402,64,34
2261,,391,76,33
2262,,392,74,34
2263,,371,94,35
2264,,366,99,35
2265,,353,103,44
2266,,349,109,42
2267,,331,124,45
2268,,301,147,52
2269,,294,156,50
2270,,286,161,53
2271,,272,157,71
2272,,266,156,78
2273,,249,173,78
2274,,235,185,80
2275,,220,189,91
2276,,217,194,89
2277,,213,179,108
2278,,198,189,113
2279,,187,187,126
2280,,176,190,134
2281,,165,184,151
2282,,155,166,179
2283,,147,161,192
2284,,140,160,200
2285,,130,156,214
2286,,127,152,221
2287,,120,144,236
2288,,117,133,250
2289,,114,121,265
2290,,113,115,272
2291,,110,110,280
2292,,112,97,291
2293,,109,92,299
2294,,106,84,310
2295,,110,77,313
2296,,103,74,323
2297,,106,66,328
2298,,113,59,328
2299,,117,49,334
2300,,118,48,334
2301,,136,38,326
2302,,143,36,321
2303,,143,33,324
2304,,145,32,323
2305,,155,31,314
2306,,155,31,314
2307,,178,25,297
2308,,182,23,295
2309,,192,21,287
2310,,198,14,288
2311,,216,14,270
2312,,245,15,240
2313,,258,15,227
2314,,260,19,221
2315,,271,22,207
2316,,278,21,201
2317,,288,28,184
2318,,302,28,170
2319,,317,27,156
2320,,318,31,151
2321,,323,34,143
2322,,338,33,129
2323,,344,35,121
2324,,351,37,112
2325,,363,37,100
2326,,366,45,89
2327,,370,49,81
2328,,373,47,80
2329,,380,47,73
2330,,370,60,70
2331,,373,59,68
2332,,367,68,65
2333,,364,74,62
2334,,357,76,67
2335,,350,83,67
2336,,332,103,65
2337,,315,121,64
2338,,305,130,65
2339,,305,135,60
2340,,301,139,60
2341,,280,156,64
2342,,265,167,68
2343,,251,178,71
2344,,249,169,82
2345,,230,181,89
2346,,222,181,97
2347,,210,187,103
2348,,200,189,111
2349,,186,195,119
2350,,186,177,137
2351,,163,177,160
2352,,156,172,172
2353,,153,173,174
2354,,139,176,185
2355,,135,159,206
2356,,127,153,220
2357,,121,145,234
2358,,122,146,232
2359,,121,131,248
2360,,120,123,257
2361,,125,113,262
2362,,121,107,272
2363,,121,92,287
2364,,124,93,283
2365,,126,71,303
2366,,121,68,311
2367,,123,65,312
2368,,121,55,324
2369,,116,56,328
2370,,120,52,328
2371,,121,49,330
2372,,123,46,331
2373,,120,48,332
2374,,131,49,320
2375,,138,46,316
2376,,142,47,311
2377,,148,47,305
2378,,154,46,300
2379,,162,47,291
2380,,181,43,276
2381,,204,40,256
2382,,217,34,249
2383,,212,39,249
2384,,219,40,241
2385,,236,41,223
2386,,249,41,210
2387,,257,41,202
2388,,255,45,200
2389,,267,52,181
2390,,272,51,177
2391,,282,53,165
2392,,288,55,157
2393,,304,53,143
2394,,297,61,142
2395,,319,62,119
2396,,314,75,111
2397,,313,72,115
2398,,324,71,105
2399,,320,75,105
2400,,326,76,98
2401,,325,77,98
2402,,323,78,99
2403,,322,76,102
2404,,311,84,105
2405,,308,87,105
2406,,307,88,105
2407,,304,92,104
2408,,307,83,110
2409,,284,106,110
2410,,278,104,118
2411,,272,106,122
2412,,271,108,121
2413,,268,108,124
2414,,265,113,122
2415,,242,132,126
2416,,233,136,131
2417,,226,144,130
2418,,220,140,140
2419,,210,144,146
2420,,204,150,146
2421,,185,166,149
2422,,178,175,147
2423,,155,176,169
2424,,149,172,179
2425,,136,176,188
2426,,127,178,195
2427,,133,174,193
2428,,134,171,195
2429,,133,150,217
2430,,134,140,226
2431,,135,132,233
2432,,132,133,235
2433,,137,125,238
2434,,138,117,245
2435,,134,104,262
2436,,136,97,267
2437,,131,77,292
2438,,136,74,290
2439,,136,62,302
2440,,147,55,298
2441,,150,55,295
2442,,155,50,295
2443,,161,47,292
2444,,153,57,290
2445,,157,55,288
2446,,161,49,290
2447,,164,49,287
2448,,175,47,278
2449,,179,42,279
2450,,182,42,276
2451,,183,40,277
2452,,176,43,281
2453,,198,44,258
2454,,205,46,249
2455,,210,46,244
2456,,213,50,237
2457,,221,48,231
2458,,227,39,234
2459,,251,38,211
2460,,259,38,203
2461,,272,36,192
2462,,280,35,185
2463,,289,34,177
2464,,295,37,168
2465,,313,36,151
2466,,316,35,149
2467,,341,33,126
2468,,337,40,123
2469,,350,36,114
2470,,357,34,109
2471,,361,34,105
2472,,356,42,102
2473,,357,44,99
2474,,358,41,101
2475,,356,48,96
2476,,364,49,87
2477,,360,54,86
2478,,358,54,88
2479,,355,62,83
2480,,351,62,87
2481,,343,75,82
2482,,342,69,89
2483,,336,76,88
2484,,334,78,88
2485,,332,84,84
2486,,323,83,94
2487,,308,96,96
2488,,313,102,85
2489,,304,107,89
2490,,291,122,87
2491,,275,134,91
2492,,256,149,95
2493,,244,153,103
2494,,241,152,107
2495,,226,157,117
2496,,214,171,115
2497,,212,168,120
2498,,190,190,120
2499,,183,195,122
2500,,177,196,127
2501,,166,190,144
2502,,158,194,148
2503,,153,189,158
2504,,147,182,171
2505,,128,183,189
2506,,119,172,209
2507,,111,167,222
2508,,109,169,222
2509,,101,161,238
2510,,98,151,251
2511,,94,151,255
2512,,99,131,270
2513,,91,128,281
2514,,92,119,289
2515,,91,109,300
2516,,97,103,300
2517,,93,104,303
2518,,93,95,312
2519,,97,79,324
2520,,98,70,332
2521,,100,65,335
2522,,103,60,337
2523,,109,54,337
2524,,114,46,340
2525,,126,43,331
2526,,129,39,332
2527,,136,31,333
2528,,135,35,330
2529,,141,34,325
2530,,149,31,320
2531,,165,24,311
2532,,171,24,305
2533,,183,21,296
2534,,196,24,280
2535,,211,23,266
2536,,230,22,248
2537,,240,22,238
2538,,244,22,234
2539,,262,21,217
2540,,275,25,200
2541,,276,28,196
2542,,295,30,175
2543,,304,32,164
2544,,314,31,155
2545,,319,36,145
2546,,328,37,135
2547,,335,37,128
2548,,344,34,122
2549,,363,31,106
2550,,371,31,98
2551,,376,31,93
2552,,383,30,87
2553,,391,32,77
2554,,394,32,74
2555,,398,29,73
2556,,399,27,74
2557,,407,25,68
2558,,401,32,67
2559,,398,30,72
2560,,402,29,69
2561,,406,33,61
2562,,394,45,61
2563,,397,45,58
2564,,388,53,59
2565,,390,51,59
2566,,384,59,57
2567,,379,66,55
2568,,375,65,60
2569,,372,69,59
2570,,367,71,62
2571,,357,81,62
2572,,349,87,64
2573,,322,110,68
2574,,304,129,67
2575,,291,139,70
2576,,280,138,82
2577,,265,153,82
2578,,247,165,88
2579,,226,187,87
2580,,209,197,94
2581,,199,202,99
2582,,177,220,103
2583,,171,222,107
2584,,162,230,108
2585,,150,235,115
2586,,151,228,121
2587,,146,208,146
2588,,133,202,165
2589,,119,208,173
2590,,116,201,183
2591,,103,199,198
2592,,93,188,219
2593,,90,167,243
2594,,88,152,260
2595,,89,141,270
2596,,80,127,293
2597,,81,122,297
2598,,82,112,306
2599,,81,98,321
2600,,85,93,322
2601,,83,88,329
2602,,85,80,335
2603,,85,64,351
2604,,84,61,355
2605,,86,50,364
2606,,96,42,362
2607,,95,40,365
2608,,103,38,359
2609,,103,37,360
2610,,111,28,361
2611,,118,29,353
2612,,122,25,353
2613,,125,25,350
2614,,126,30,344
2615,,134,30,336
2616,,142,30,328
2617,,167,28,305
2618,,182,31,287
2619,,193,32,275
2620,,199,35,266
2621,,209,39,252
2622,,230,38,232
2623,,253,37,210
2624,,267,41,192
2625,,281,39,180
2626,,299,43,158
2627,,303,44,153
2628,,306,50,144
2629,,318,51,131
2630,,322,48,130
2631,,318,57,125
2632,,328,56,116
2633,,340,61,99
2634,,343,57,100
2635,,343,65,92
2636,,344,74,82
2637,,332,88,80
2638,,311,108,81
2639,,306,116,78
2640,,301,125,74
2641,,286,139,75
2642,,282,136,82
2643,,276,140,84
2644,,257,158,85
2645,,238,168,94
2646,,231,177,92
2647,,213,191,96
2648,,205,199,96
2649,,184,209,107
2650,,176,210,114
2651,,158,214,128
2652,,140,209,151
2653,,131,212,157
2654,,123,206,171
2655,,116,199,185
2656,,108,199,193
2657,,99,202,199
2658,,101,186,213
2659,,98,170,232
2660,,96,165,239
2661,,95,146,259
2662,,91,145,264
2663,,93,123,284
2664,,94,117,289
2665,,98,99,303
2666,,95,83,322
2667,,95,73,332
2668,,92,72,336
2669,,91,64,345
2670,,96,55,349
2671,,91,52,357
2672,,103,48,349
2673,,106,43,351
2674,,105,39,356
2675,,116,36,348
2676,,119,28,353
2677,,127,27,346
2678,,127,24,349
2679,,140,23,337
2680,,149,20,331
2681,,164,19,317
2682,,188,12,300
2683,,196,11,293
2684,,209,12,279
2685,,220,10,270
2686,,229,10,261
2687,,236,10,254
2688,,255,8,237
2689,,275,9,216
2690,,287,9,204
2691,,304,14,182
2692,,313,13,174
2693,,336,13,151
2694,,346,13,141
2695,,365,13,122
2696,,380,17,103
2697,,389,19,92
2698,,396,19,85
2699,,405,14,81
2700,,411,17,72
2701,,417,21,62
2702,,421,20,59
2703,,420,25,55
2704,,425,27,48
2705,,420,30,50
2706,,424,34,42
2707,,425,34,41
2708,,413,50,37
2709,,406,58,36
2710,,404,59,37
2711,,398,64,38
2712,,398,70,32
2713,,387,82,31
2714,,378,88,34
2715,,363,106,31
2716,,346,123,31
2717,,333,130,37
2718,,315,149,36
2719,,308,148,44
2720,,294,158,48
2721,,262,190,48
2722,,250,187,63
2723,,229,200,71
2724,,221,203,76
2725,,207,210,83
2726,,178,232,90
2727,,165,233,102
2728,,158,232,110
2729,,149,224,127
2730,,142,214,144
2731,,128,215,157
2732,,115,208,177
2733,,105,212,183
2734,,97,206,197
2735,,97,179,224
2736,,93,170,237
2737,,88,154,258
2738,,86,148,266
2739,,78,142,280
2740,,78,117,305
2741,,72,112,316
2742,,67,110,323
2743,,64,99,337
2744,,63,96,341
2745,,63,86,351
2746,,61,74,365
2747,,65,65,370
2748,,66,58,376
2749,,74,53,373
2750,,77,50,373
2751,,75,47,378
2752,,90,46,364
2753,,95,41,364
2754,,100,37,363
2755,,105,31,364
2756,,108,29,363
2757,,120,26,354
2758,,126,25,349
2759,,147,22,331
2760,,164,20,316
2761,,174,21,305
2762,,191,24,285
2763,,197,25,278
2764,,208,27,265
2765,,240,25,235
2766,,243,34,223
2767,,262,33,205
2768,,269,34,197
2769,,283,32,185
2770,,311,29,160
2771,,314,39,147
2772,,317,41,142
2773,,331,40,129
2774,,333,45,122
2775,,341,48,111
2776,,348,51,101
2777,,357,52,91
2778,,357,57,86
2779,,357,62,81
2780,,356,57,87
2781,,351,65,84
2782,,344,73,83
2783,,347,78,75
2784,,347,81,72
2785,,346,80,74
2786,,345,82,73
2787,,347,83,70
2788,,346,83,71
2789,,328,99,73
2790,,308,114,78
2791,,287,135,78
2792,,276,139,85
2793,,265,145,90
2794,,242,164,94
2795,,234,164,102
2796,,221,169,110
2797,,203,185,112
2798,,185,199,116
2799,,176,201,123
2800,,165,209,126
2801,,155,218,127
2802,,149,222,129
2803,,139,211,150
2804,,130,198,172
2805,,119,189,192
2806,,117,183,200
2807,,113,177,210
2808,,112,157,231
2809,,107,152,241
2810,,111,144,245
2811,,105,131,264
2812,,104,115,281
2813,,99,109,292
2814,,99,95,306
2815,,106,88,306
2816,,108,82,310
2817,,108,71,321
2818,,113,62,325
2819,,114,53,333
2820,,118,50,332
2821,,118,47,335
2822,,125,44,331
2823,,126,43,331
2824,,130,38,332
2825,,139,31,330
2826,,148,29,323
2827,,148,29,323
2828,,151,29,320
2829,,160,26,314
2830,,165,25,310
2831,,161,30,309
2832,,165,31,304
2833,,185,28,287
2834,,204,28,268
2835,,227,26,247
2836,,239,25,236
2837,,244,27,229
2838,,268,26,206
2839,,276,27,197
2840,,290,27,183
2841,,311,22,167
2842,,329,21,150
2843,,335,26,139
2844,,350,24,126
2845,,355,24,121
2846,,362,25,113
2847,,371,25,104
2848,,380,22,98
2849,,394,22,84
2850,,389,33,78
2851,,392,29,79
2852,,392,33,75
2853,,387,41,72
2854,,383,51,66
2855,,390,52,58
2856,,382,62,56
2857,,380,64,56
2858,,365,80,55
2859,,351,92,57
2860,,344,100,56
2861,,334,108,58
2862,,317,125,58
2863,,309,138,53
2864,,297,142,61
2865,,281,158,61
2866,,271,165,64
2867,,264,166,70
2868,,251,170,79
2869,,234,187,79
2870,,210,201,89
2871,,193,216,91
2872,,180,214,106
2873,,172,205,123
2874,,153,216,131
2875,,148,216,136
2876,,137,211,152
2877,,122,215,163
2878,,108,217,175
2879,,103,204,193
2880,,98,198,204
2881,,96,195,209
2882,,90,187,223
2883,,87,174,239
2884,,80,157,263
2885,,74,141,285
2886,,68,133,299
2887,,72,126,302
2888,,68,109,323
2889,,68,104,328
2890,,67,95,338
2891,,66,81,353
2892,,66,64,370
2893,,64,61,375
2894,,75,56,369
2895,,76,49,375
2896,,79,44,377
2897,,87,41,372
2898,,97,34,369
2899,,98,28,374
2900,,104,26,370
2901,,111,25,364
2902,,127,21,352
2903,,143,17,340
2904,,153,14,333
2905,,162,12,326
2906,,176,15,309
2907,,189,13,298
2908,,202,15,283
2909,,220,14,266
2910,,231,13,256
2911,,236,17,247
2912,,245,22,233
2913,,260,25,215
2914,,284,21,195
2915,,304,23,173
2916,,317,24,159
2917,,314,34,152
2918,,332,37,131
2919,,338,40,122
2920,,345,42,113
2921,,355,49,96
2922,,366,53,81
2923,,367,57,76
2924,,371,58,71
2925,,375,56,69
2926,,371,61,68
2927,,368,66,66
2928,,362,79,59
2929,,354,91,55
2930,,356,94,50
2931,,346,94,60
2932,,345,96,59
2933,,339,103,58
2934,,330,110,60
2935,,316,120,64
2936,,293,137,70
2937,,283,145,72
2938,,272,155,73
2939,,257,167,76
2940,,244,171,85
2941,,231,178,91
2942,,211,185,104
2943,,194,188,118
2944,,192,190,118
2945,,182,189,129
2946,,169,197,134
2947,,164,192,144
2948,,152,192,156
2949,,142,186,172
2950,,133,175,192
2951,,127,169,204
2952,,128,159,213
2953,,123,148,229
2954,,113,144,243
2955,,113,135,252
2956,,116,117,267
2957,,116,103,281
2958,,109,104,287
2959,,108,97,295
2960,,106,87,307
2961,,116,82,302
2962,,110,79,311
2963,,110,72,318
2964,,111,64,325
2965,,112,64,324
2966,,118,63,319
2967,,120,60,320
2968,,119,52,329
2969,,117,52,331
2970,,125,52,323
2971,,131,51,318
2972,,141,47,312
2973,,153,46,301
2974,,156,44,300
2975,,166,44,290
2976,,171,35,294
2977,,181,32,287
2978,,193,28,279
2979,,210,22,268
2980,,232,23,245
2981,,243,22,235
2982,,253,21,226
2983,,266,18,216
2984,,280,16,204
2985,,295,14,191
2986,,315,11,174
2987,,330,11,159
2988,,333,13,154
2989,,334,21,145
2990,,346,22,132
2991,,352,21,127
2992,,362,23,115
2993,,369,27,104
2994,,381,26,93
2995,,375,37,88
2996,,376,36,88
2997,,371,43,86
2998,,378,46,76
2999,,383,47,70
3000,,378,54,68
3001,,375,58,67
3002,,377,60,63
3003,,368,63,69
3004,,360,73,67
3005,,347,87,66
3006,,337,104,59
3007,,331,110,59
3008,,323,122,55
3009,,306,133,61
3010,,299,140,61
3011,,296,135,69
3012,,289,141,70
3013,,277,158,65
3014,,273,157,70
3015,,254,172,74
3016,,243,181,76
3017,,233,181,86
3018,,217,187,96
3019,,200,191,109
3020,,177,195,128
3021,,168,195,137
3022,,161,190,149
3023,,150,178,172
3024,,145,177,178
3025,,134,184,182
3026,,122,188,190
3027,,122,173,205
3028,,112,177,211
3029,,105,163,232
3030,,97,157,246
3031,,94,150,256
3032,,91,139,270
3033,,90,131,279
3034,,89,110,301
3035,,86,103,311
3036,,85,99,316
3037,,89,88,323
3038,,87,84,329
3039,,95,76,329
3040,,92,66,342
3041,,102,63,335
3042,,104,54,342
3043,,104,48,348
3044,,110,41,349
3045,,116,36,348
3046,,119,32,349
3047,,130,23,347
3048,,138,24,338
3049,,148,25,327
3050,,167,22,311
3051,,176,23,301
3052,,187,22,291
3053,,209,19,272
3054,,216,16,268
3055,,218,19,263
3056,,227,18,255
3057,,245,17,238
3058,,251,16,233
3059,,270,18,212
3060,,282,18,200
3061,,294,17,189
3062,,311,14,175
3063,,329,10,161
3064,,352,10,138
3065,,362,9,129
3066,,366,11,123
3067,,377,10,113
3068,,380,13,107
3069,,392,10,98
3070,,405,10,85
3071,,408,10,82
3072,,414,14,72
3073,,418,15,67
3074,,421,18,61
3075,,418,26,56
3076,,421,29,50
3077,,428,32,40
3078,,426,36,38
3079,,428,37,35
3080,,426,39,35
3081,,423,42,35
3082,,418,46,36
3083,,415,53,32
3084,,411,60,29
3085,,396,75,29
3086,,383,85,32
3087,,380,86,34
3088,,365,97,38
3089,,357,97,46
3090,,349,104,47
3091,,329,122,49
3092,,318,132,50
3093,,313,140,47
3094,,307,141,52
3095,,302,144,54
3096,,287,153,60
3097,,275,159,66
3098,,268,159,73
3099,,254,161,85
3100,,244,157,99
3101,,242,155,103
3102,,232,149,119
3103,,225,150,125
3104,,213,154,133
3105,,201,145,154
3106,,185,147,168
3107,,178,145,177
3108,,177,140,183
3109,,176,135,189
3110,,178,120,202
3111,,171,114,215
3112,,174,107,219
3113,,172,92,236
3114,,169,85,246
3115,,164,88,248
3116,,167,79,254
3117,,170,70,260
3118,,164,67,269
3119,,166,61,273
3120,,166,48,286
3121,,169,41,290
3122,,171,42,287
3123,,172,41,287
3124,,175,42,283
3125,,176,37,287
3126,,183,37,280
3127,,183,42,275
3128,,186,43,271
3129,,193,46,261
3130,,199,53,248
3131,,200,56,244
3132,,216,45,239
3133,,222,41,237
3134,,231,39,230
3135,,251,40,209
3136,,262,41,197
3137,,271,41,188
3138,,277,39,184
3139,,280,40,180
3140,,293,43,164
3141,,295,47,158
3142,,301,44,155
3143,,312,42,146
3144,,318,38,144
3145,,317,38,145
3146,,325,40,135
3147,,334,38,128
3148,,342,43,115
3149,,351,45,104
3150,,366,43,91
3151,,366,50,84
3152,,359,58,83
3153,,354,61,85
3154,,355,58,87
3155,,352,57,91
3156,,348,60,92
3157,,343,61,96
3158,,341,62,97
3159,,334,71,95
3160,,326,78,96
3161,,319,85,96
3162,,314,95,91
3163,,311,101,88
3164,,293,121,86
3165,,286,121,93
3166,,273,128,99
3167,,257,138,105
3168,,250,147,103
3169,,246,143,111
3170,,240,145,115
3171,,237,148,115
3172,,228,156,116
3173,,217,163,120
3174,,213,166,121
3175,,204,171,125
3176,,184,175,141
3177,,167,185,148
3178,,157,175,168
3179,,148,178,174
3180,,137,177,186
3181,,125,173,202
3182,,115,174,211
3183,,111,175,214
3184,,108,175,217
3185,,113,171,216
3186,,101,171,228
3187,,103,156,241
3188,,102,149,249
3189,,102,140,258
3190,,95,129,276
3191,,87,118,295
3192,,91,109,300
3193,,88,105,307
3194,,89,91,320
3195,,94,81,325
3196,,102,71,327
3197,,107,65,328
3198,,105,61,334
3199,,115,55,330
3200,,118,43,339
3201,,122,42,336
3202,,124,40,336
3203,,133,40,327
3204,,141,32,327
3205,,146,26,328
3206,,161,25,314
3207,,170,19,311
3208,,189,21,290
3209,,193,22,285
3210,,201,29,270
3211,,215,30,255
3212,,222,30,248
3213,,228,30,242
3214,,229,34,237
3215,,235,35,230
3216,,246,34,220
3217,,263,33,204
3218,,275,32,193
3219,,287,30,183
3220,,307,29,164
3221,,325,30,145
3222,,333,31,136
3223,,334,37,129
3224,,340,38,122
3225,,346,42,112
3226,,356,40,104
3227,,356,47,97
3228,,353,51,96
3229,,345,61,94
3230,,349,68,83
3231,,340,79,81
3232,,341,83,76
3233,,342,85,73
3234,,327,109,64
3235,,312,131,57
3236,,301,141,58
3237,,286,153,61
3238,,276,155,69
3239,,267,160,73
3240,,247,180,73
3241,,224,197,79
3242,,207,207,86
3243,,199,201,100
3244,,195,197,108
3245,,184,198,118
3246,,169,212,119
3247,,164,218,118
3248,,156,203,141
3249,,142,196,162
3250,,137,189,174
3251,,123,182,195
3252,,116,181,203
3253,,106,183,211
3254,,110,166,224
3255,,109,145,246
3256,,103,134,263
3257,,97,132,271
3258,,96,133,271
3259,,97,122,281
3260,,98,105,297
3261,,95,102,303
3262,,90,98,312
3263,,88,84,328
3264,,84,82,334
3265,,82,71,347
3266,,82,65,353
3267,,89,54,357
3268,,97,51,352
3269,,102,49,349
3270,,101,42,357
3271,,105,39,356
3272,,114,33,353
3273,,128,30,342
3274,,135,31,334
3275,,148,26,326
3276,,149,24,327
3277,,149,24,327
3278,,172,21,307
3279,,195,18,287
3280,,204,19,277
3281,,225,17,258
3282,,230,22,248
3283,,241,21,238
3284,,261,20,219
3285,,285,17,198
3286,,304,17,179
3287,,310,19,171
3288,,308,24,168
3289,,316,30,154
3290,,331,30,139
3291,,335,32,133
3292,,342,33,125
3293,,358,33,109
3294,,363,30,107
3295,,376,31,93
3296,,373,38,89
3297,,373,51,76
3298,,366,61,73
3299,,361,69,70
3300,,360,78,62
3301,,355,87,58
3302,,352,89,59
3303,,344,94,62
3304,,341,95,64
3305,,334,103,63
3306,,321,119,60
3307,,309,133,58
3308,,305,140,55
3309,,299,148,53
3310,,283,155,62
3311,,278,149,73
3312,,265,152,83
3313,,258,152,90
3314,,232,170,98
3315,,221,173,106
3316,,212,173,115
3317,,198,176,126
3318,,169,203,128
3319,,167,193,140
3320,,162,183,155
3321,,154,179,167
3322,,142,184,174
3323,,135,182,183
3324,,129,173,198
3325,,115,180,205
3326,,115,172,213
3327,,110,169,221
3328,,107,145,248
3329,,102,136,262
3330,,96,133,271
3331,,88,129,283
3332,,92,101,307
3333,,96,101,303
3334,,97,95,308
3335,,95,91,314
3336,,96,79,325
3337,,94,74,332
3338,,92,67,341
3339,,92,54,354
3340,,104,49,347
3341,,115,46,339
3342,,124,44,332
3343,,131,40,329
3344,,138,36,326
3345,,145,30,325
3346,,154,27,319
3347,,165,25,310
3348,,169,23,308
3349,,178,20,302
3350,,194,21,285
3351,,207,20,273
3352,,215,17,268
3353,,224,16,260
3354,,243,16,241
3355,,250,14,236
3356,,263,13,224
3357,,268,15,217
3358,,295,13,192
3359,,309,9,182
3360,,318,9,173
3361,,332,9,159
3362,,363,9,128
3363,,361,10,129
3364,,367,10,123
3365,,377,9,114
3366,,386,13,101
3367,,391,15,94
3368,,399,17,84
3369,,411,19,70
3370,,415,20,65
3371,,418,19,63
3372,,419,21,60
3373,,424,21,55
3374,,423,28,49
3375,,429,32,39
3376,,426,38,36
3377,,424,38,38
3378,,417,45,38
3379,,419,49,32
3380,,420,45,35
3381,,415,50,35
3382,,417,49,34
3383,,414,51,35
3384,,406,58,36
3385,,401,63,36
3386,,389,74,37
3387,,367,97,36
3388,,365,94,41
3389,,352,107,41
3390,,327,126,47
3391,,308,141,51
3392,,296,144,60
3393,,289,150,61
3394,,281,160,59
3395,,267,168,65
3396,,244,190,66
3397,,225,205,70
3398,,207,215,78
3399,,196,219,85
3400,,191,211,98
3401,,182,200,118
3402,,167,211,122
3403,,149,212,139
3404,,140,196,164
3405,,131,186,183
3406,,123,182,195
3407,,114,185,201
3408,,109,182,209
3409,,103,173,224
3410,,100,157,243
3411,,96,144,260
3412,,93,131,276
3413,,94,121,285
3414,,93,118,289
3415,,92,109,299
3416,,93,95,312
3417,,90,80,330
3418,,92,76,332
3419,,94,69,337
3420,,95,66,339
3421,,99,53,348
3422,,106,48,346
3423,,110,42,348
3424,,110,35,355
3425,,114,32,354
3426,,110,32,358
3427,,114,31,355
3428,,121,30,349
3429,,126,29,345
3430,,135,32,333
3431,,157,30,313
3432,,161,25,314
3433,,178,23,299
3434,,202,19,279
3435,,218,22,260
3436,,230,20,250
3437,,239,21,240
3438,,248,22,230
3439,,262,20,218
3440,,284,16,200
3441,,301,18,181
3442,,310,26,164
3443,,318,27,155
3444,,317,29,154
3445,,323,34,143
3446,,338,34,128
3447,,355,35,110
3448,,364,34,102
3449,,364,40,96
3450,,370,42,88
3451,,381,43,76
3452,,385,45,70
3453,,389,46,65
3454,,396,45,59
3455,,399,46,55
3456,,398,43,59
3457,,397,42,61
3458,,395,40,65
3459,,391,41,68
3460,,392,41,67
3461,,387,48,65
3462,,390,50,60
3463,,391,42,67
3464,,391,45,64
3465,,384,50,66
3466,,369,64,67
3467,,359,72,69
3468,,354,77,69
3469,,351,80,69
3470,,347,83,70
3471,,337,91,72
3472,,314,111,75
3473,,310,110,80
3474,,303,121,76
3475,,279,138,83
3476,,261,154,85
3477,,261,153,86
3478,,258,152,90
3479,,244,162,94
3480,,234,155,111
3481,,221,159,120
3482,,199,177,124
3483,,193,178,129
3484,,189,174,137
3485,,182,173,145
3486,,174,166,160
3487,,175,162,163
3488,,169,163,168
3489,,171,142,187
3490,,166,129,205
3491,,159,137,204
3492,,154,138,208
3493,,153,131,216
3494,,146,130,224
3495,,142,122,236
3496,,135,109,256
3497,,133,106,261
3498,,129,105,266
3499,,128,100,272
3500,,130,87,283
3501,,131,86,283
3502,,129,80,291
3503,,135,77,288
3504,,126,81,293
3505,,132,75,293
3506,,131,73,296
3507,,130,65,305
3508,,131,60,309
3509,,135,57,308
3510,,148,51,301
3511,,152,53,295
3512,,153,53,294
3513,,156,52,292
3514,,164,49,287
3515,,165,57,278
3516,,182,58,260
3517,,185,60,255
3518,,195,52,253
3519,,217,53,230
3520,,229,56,215
3521,,229,54,217
3522,,224,59,217
3523,,241,56,203
3524,,251,52,197
3525,,256,55,189
3526,,276,54,170
3527,,275,59,166
3528,,276,62,162
3529,,282,56,162
3530,,295,53,152
3531,,288,59,153
3532,,299,59,142
3533,,299,60,141
3534,,301,57,142
3535,,297,69,134
3536,,291,71,138
3537,,291,81,128
3538,,288,93,119
3539,,286,92,122
3540,,286,99,115
3541,,275,106,119
3542,,273,108,119
3543,,270,112,118
3544,,249,133,118
3545,,235,139,126
3546,,231,148,121
3547,,213,163,124
3548,,216,166,118
3549,,211,161,128
3550,,202,162,136
3551,,190,166,144
3552,,188,160,152
3553,,179,164,157
3554,,177,160,163
3555,,176,152,172
3556,,174,152,174
3557,,172,150,178
3558,,162,136,202
3559,,163,129,208
3560,,168,121,211
3561,,162,111,227
3562,,156,112,232
3563,,154,110,236
3564,,156,102,242
3565,,155,89,256
3566,,156,91,253
3567,,147,88,265
3568,,145,84,271
3569,,147,84,269
3570,,143,85,272
3571,,145,86,269
3572,,144,80,276
3573,,140,79,281
3574,,142,79,279
3575,,151,70,279
3576,,148,67,285
3577,,145,69,286
3578,,142,71,287
3579,,152,72,276
3580,,161,66,273
3581,,171,57,272
3582,,182,56,262
3583,,188,51,261
3584,,193,49,258
3585,,200,51,249
3586,,200,52,248
3587,,202,50,248
3588,,225,50,225
3589,,230,60,210
3590,,235,61,204
3591,,254,54,192
3592,,252,56,192
3593,,250,63,187
3594,,259,64,177
3595,,271,66,163
3596,,276,66,158
3597,,287,65,148
3598,,273,80,147
3599,,274,78,148
3600,,267,85,148
3601,,272,80,148
3602,,277,84,139
3603,,282,77,141
3604,,278,78,144
3605,,276,89,135
3606,,273,91,136
3607,,274,86,140
3608,,256,105,139
3609,,254,106,140
3610,,256,111,133
3611,,258,117,125
3612,,247,110,143
3613,,235,123,142
3614,,222,130,148
3615,,224,134,142
3616,,212,145,143
3617,,216,145,139
3618,,207,150,143
3619,,188,158,154
3620,,187,153,160
3621,,186,157,157
3622,,187,140,173
3623,,183,143,174
3624,,182,140,178
3625,,176,139,185
3626,,172,131,197
3627,,160,126,214
3628,,159,112,229
3629,,162,113,225
3630,,160,104,236
3631,,161,105,234
3632,,153,104,243
3633,,154,94,252
3634,,151,97,252
3635,,141,99,260
3636,,146,97,257
3637,,152,94,254
3638,,152,94,254
3639,,153,89,258
3640,,147,91,262
3641,,144,81,275
3642,,162,77,261
3643,,163,77,260
3644,,170,75,255
3645,,168,73,259
3646,,167,70,263
3647,,167,64,269
3648,,161,68,271
3649,,163,67,270
3650,,168,69,263